n,time,stddev
1,473.98999999994413,51.01522223830758
2,873.8099999999628,4.211757352917599
4,1744.7499999999068,5.545854307466455
8,3499.660000000149,21.522787923304985
16,6973.440000000131,15.806656825768188
