n,time,stddev
1.0,0.0,0.0
2.0,0.0,0.0
4.0,0.0,0.0
8.0,0.20013,0.4002616245657333
16.0,1.20019,0.39945319988704564
32.0,9.399200000000002,1.0262181834288455
64.0,69.70003,1.3515451372780718
128.0,552.3347600000001,7.282150755676504
