n,time,stddev
1.0,0.0,0.0
2.0,0.0,0.0
4.0,0.0,0.0
8.0,0.0,0.0
16.0,0.0,0.0
32.0,0.0,0.0
64.0,0.0,0.0
128.0,0.69723,0.4568639733005876
256.0,1.0038000000000002,0.030345971726079207
512.0,1.6780599999999999,0.46545380050011415
1024.0,11.27378,0.46013352801116325
2048.0,66.95507,5.393527381973694
4096.0,483.05949,25.1195127372507
8192.0,3743.3642200000004,43.333831152387226
