n,time,stddev
1.0,59.6996,178.7537335258763
2.0,0.20059,0.40118231877788435
4.0,0.09997,0.29991
8.0,0.09984,0.29951999999999995
16.0,0.0,0.0
32.0,0.10324,0.30972000000000005
64.0,0.10002,0.30006
128.0,0.40006,0.48999226361239623
256.0,0.40463000000000005,0.49566565152328246
512.0,0.5968700000000001,0.4874982565097028
1024.0,1.1965300000000003,0.4028296812549939
2048.0,4.50271,0.6700786288936545
4096.0,17.704600000000003,3.795495944142214
8192.0,66.82239999999999,6.556208534358865
