n,time,stddev
1.0,0.0,0.0
2.0,0.0,0.0
4.0,0.0,0.0
8.0,0.0,0.0
16.0,0.0,0.0
32.0,0.0,0.0
64.0,0.09876,0.43048485966407696
128.0,0.0,0.0
256.0,0.150095,0.3572982458325257
512.0,0.898995,0.2997688634181342
1024.0,5.551285,0.49728511065082165
2048.0,39.999615,4.753516252972636
4096.0,257.542385,21.400506168155815
8192.0,1827.4064449999998,54.94163612518718
